asd,asd,asd,ddd
Sissy,Linskey,13-12-17,26-09-10
Eolanda,Eachern,16-07-15,31-08-10
Elise,Mike,29-10-20,11-09-07
Annaliese,Fabiola,17-01-17,30-08-13
Louella,Read,15-12-21,14-05-08
Julieta,Byrne,02-07-21,10-10-14
Cindelyn,Donoghue,11-10-21,03-08-05
Alie,Jeanne,28-10-22,29-01-07
Oralee,Killigrew,03-03-19,16-10-07
Lucy,Stoller,26-05-16,01-06-06
Kara-Lynn,Rad,13-04-23,23-11-05
Corly,Delp,29-09-22,01-03-07
Vere,Jalbert,14-07-19,16-01-06
Nollie,Hourigan,29-09-19,20-03-08
Nariko,Lewes,04-05-18,01-06-14
Evita,Waldron,11-09-17,30-10-06
Dyann,Armanda,02-06-20,26-07-10
Elvira,Meli,09-06-18,16-06-05
Nannie,Sawtelle,30-07-18,03-09-14
Audrie,Granoff,25-01-22,16-08-06
Fanchon,Duwalt,07-08-18,13-01-14
Amelia,Gavrila,06-09-22,22-06-08
Gabi,Adore,30-01-22,15-09-05
Halette,Waite,21-12-17,02-08-07
Alleen,Clarissa,25-06-15,23-02-09
Cyb,Abernon,08-08-20,11-09-08
Devina,Ursulette,15-04-21,13-03-05
Maridel,Gilbertson,07-02-17,19-12-09
Rivalee,Bendick,21-03-21,18-05-05
Johna,Allys,15-03-20,16-04-06
Emelina,Thornburg,06-11-23,13-11-09
Vanessa,Teddman,01-05-15,30-08-12
Ulrike,Granoff,25-10-16,21-11-09
Mahalia,Sisile,29-01-16,08-02-05
Valli,Tippets,04-08-17,20-03-12
Lynnea,Taima,17-08-21,21-07-13
Andree,Lowry,30-12-23,22-05-11
Marnia,Yusuk,03-09-15,01-12-07
Gilda,Zitvaa,29-12-23,01-12-06
Kassey,Sasnett,30-09-23,15-02-14
Lory,Riva,13-10-15,15-02-08
Tatiania,Lemuela,05-02-20,31-01-10
Constance,Dermott,05-01-17,19-07-11
Mary,Levey,28-08-22,08-06-12
Jenilee,Glovsky,08-01-18,20-10-06
Ingrid,Rosalba,07-08-20,13-07-14
Veda,Wesle,19-12-18,01-11-08
Edee,Tengdin,16-01-16,12-10-14
Myriam,Solitta,23-04-17,29-04-10
Eugine,Diann,19-01-23,19-06-06
Marjie,Dahlia,21-11-21,04-03-06
Frank,Borrell,11-09-21,22-03-11
Edith,Brady,12-01-18,25-11-10
Fawne,Bow,24-12-17,11-07-12
Raina,Rubie,13-07-15,28-09-06
Cathie,Markman,20-10-18,14-01-14
Heddie,Dreda,02-02-20,23-12-10
Jeanna,Imelida,28-03-23,17-02-08
Lila,Harl,10-09-19,27-03-05
Yetty,Edison,10-12-23,12-01-09
Linet,Tjon,24-05-19,27-12-11
Gilda,Carri,16-09-16,04-07-11
Nyssa,Sasnett,22-04-17,26-10-11
Doralynne,Hashim,01-10-16,24-02-08
Ida,Laurianne,17-06-23,12-12-14
Danny,Goth,06-02-18,19-12-06
Marinna,Nerita,26-03-18,05-02-14
Rhoda,Scammon,12-11-20,25-09-13
Arabel,Oriana,26-08-15,26-04-13
Keelia,Roscoe,22-06-21,03-12-11
Patricia,Maroney,14-11-18,21-06-11
Patricia,Salvidor,19-03-19,02-12-09
Rozele,Rebecka,12-06-15,06-01-08
Winny,Sophronia,23-04-18,10-10-12
Latisha,Stuart,13-04-20,17-03-10
Hope,Niccolo,02-07-22,26-06-13
Tersina,Woodberry,02-09-15,13-12-09
Jackie,Barbey,12-11-16,16-05-09
Rosabelle,Henrie,25-10-16,04-09-11
Jean,Susannah,12-06-23,17-08-13
Dianemarie,Hailee,20-02-18,10-02-11
Felice,Zina,12-03-19,20-02-06
Gloria,Yate,23-11-19,08-07-06
Karina,Zitvaa,22-02-21,08-11-14
Annora,Thunell,21-11-22,31-07-14
Shel,Slifka,07-09-15,06-12-11
Tobe,Vanni,08-05-18,12-04-12
Addia,Mike,10-11-22,16-10-11
Annabela,Hunfredo,11-05-17,30-06-06
Lory,Marijo,14-03-21,16-07-06
Miquela,Jalbert,18-05-18,01-11-10
Zia,Toor,12-09-20,13-03-09
Leontine,Joseph,18-04-16,03-11-11
Gerrie,Hartnett,21-07-19,02-10-05
Lauryn,Guthrie,18-09-17,16-08-12
Aaren,Serilda,23-09-15,13-08-09
Cacilie,Hirsch,15-01-22,03-09-06
Theodora,Kiyoshi,12-05-23,09-04-12
Carree,Tatianas,11-06-22,31-05-06
Marika,Cristi,01-09-15,17-01-06
Meriel,Allina,04-09-19,28-02-06
Jsandye,Rugen,19-03-18,24-04-07
Karlee,Orpah,14-12-17,14-04-13
Pearline,Bach,13-05-15,29-11-11
Aigneis,Ferrell,21-06-16,12-02-14
Lilith,Fax,12-01-21,01-07-13
Georgina,Abernon,08-08-15,24-08-14
Rebeca,Danby,06-09-16,25-01-07
Catrina,Sothena,07-10-22,05-03-09
Nannie,Arvo,21-06-15,08-11-11
Bobinette,Revkah,25-01-20,20-09-11
Meghann,Johanna,11-05-21,04-01-06
Georgetta,Dudley,02-10-16,27-08-13
Philis,Clywd,20-05-19,24-04-13
Flo,Toor,04-04-21,28-10-11
Melanie,Kalinda,30-05-21,14-10-10
Kamilah,Cristi,14-08-20,01-11-07
Frances,Naor,28-02-18,23-05-14
Deloria,Jagir,02-10-20,27-05-10
Marsiella,Abbot,06-05-16,07-08-05
Edee,Daniele,13-06-20,18-02-13
Dagmar,Diann,15-09-16,13-09-13
Leia,Agle,09-11-17,19-03-08
Audrie,Neva,02-02-18,12-03-07
Alameda,Joseph,04-02-17,18-10-06
Abbie,Mott,27-04-22,04-12-07
Ruthe,Wooster,26-03-20,07-05-05
Yolane,Firmin,11-12-23,05-07-14
Jolyn,Johnsson,15-12-21,15-12-13
Jany,Astra,14-05-18,25-03-11
Dianemarie,Johnsson,26-03-20,25-06-05
Kylynn,Wilona,22-01-22,10-10-14
Inga,Toor,10-03-18,16-07-05
Janenna,Thilda,15-02-15,27-11-06
Lita,Rodmann,11-06-18,05-03-05
Benita,Bouchard,02-03-22,12-11-06
Fidelia,Thomasina,18-10-15,14-11-11
Justinn,Duwalt,05-07-16,13-02-07
Penelopa,Elo,15-04-17,29-10-10
Nollie,Bahr,19-07-15,27-04-07
Gale,Bow,22-02-15,09-07-12
Valli,Morehouse,27-07-20,15-08-05
Peri,Zamora,20-06-19,04-03-14
Sonni,Thilda,26-01-19,16-03-09
Cathie,Sacken,05-07-20,05-02-05
Hermione,Mallon,17-10-23,21-01-06
Rubie,Amethist,29-09-23,04-04-05
Ezmeralda,Gordon,17-12-20,31-01-13
Giustina,Santoro,05-06-16,04-06-12
Pollyanna,Brian,22-11-15,18-04-11
Lilith,Goddard,30-09-23,23-11-06
Roz,Olin,07-08-21,21-12-09
Modestia,Old,10-01-23,07-08-10
Marnia,Eugenia,19-12-18,10-12-08
Isa,Liebermann,19-09-19,17-08-05
Judy,Chrystel,14-03-15,17-10-11
Ofilia,Simmonds,17-05-21,23-06-11
Emma,Crudden,06-05-22,26-06-08
Johna,LaRue,13-07-17,20-11-11
Mara,Constancy,23-05-22,10-11-14
Ariela,Edvard,26-05-19,10-08-05
Kerrin,Tybald,25-12-20,02-12-14
Rochette,Zachary,15-11-19,16-07-12
Nicoli,Franza,10-05-23,27-01-09
Flory,Colleen,10-04-21,18-09-07
Henriette,Tomasina,18-06-19,17-03-12
Myriam,McGrody,22-11-19,07-01-07
Dede,Earlie,20-05-19,13-03-13
Gilligan,Beebe,08-06-17,27-04-14
Jobi,O'Carroll,24-12-17,03-08-06
Lanae,Read,27-05-21,17-10-06
Odessa,Gibbeon,16-06-15,10-12-10
Glenda,Eachern,04-01-20,04-05-09
Olwen,Hachmin,10-08-15,11-01-12
Emelina,Jacqui,28-11-19,17-07-10
Janenna,Edison,21-03-23,14-04-08
Ofilia,Yusuk,31-08-16,22-10-10
Tersina,Romelda,18-05-21,01-07-06
Sean,Madelene,07-02-22,16-02-10
Elsie,Alcott,04-09-15,29-05-08
Ayn,Raychel,28-06-23,08-12-08
Marline,Pernick,12-06-22,08-12-09
Keelia,Ashely,16-04-15,13-09-13
Janis,Ruvolo,20-03-21,02-03-14
Amelia,Forrer,13-09-22,20-05-08
Ebonee,Obed,24-04-16,08-12-10
Alejandra,Wiener,28-01-16,28-11-13
Ericka,Mayeda,06-06-19,14-03-08
Meriel,Weaks,31-12-22,08-09-07
Corry,Voletta,23-11-20,21-08-08
Kathi,Anastatius,04-01-23,16-05-08
Georgetta,Tice,22-02-20,28-05-14
Farrah,Christine,21-12-22,08-04-14
Calla,Blake,11-08-15,14-08-09
Farrah,Joachim,28-07-18,21-02-06
Lory,Seessel,16-04-20,27-12-09
Di,Hylan,19-02-18,12-02-11
Augustine,Annabella,08-01-18,02-07-10
Shaine,Ranjiv,19-05-23,08-04-10
Ofilia,Hewitt,07-08-19,24-05-06
Kylynn,Shaver,02-03-22,08-04-10
Elvira,Stover,23-03-17,05-04-13
Robbi,Delacourt,04-04-16,10-10-05
Yvonne,Cimbura,25-02-18,08-09-08
Barbi,Cornelia,20-05-18,15-08-05
Arlena,Fry,30-05-21,17-04-08
Kore,Dex,04-08-21,13-12-09
Dania,Rustice,23-04-15,25-02-14
Kathi,Naor,15-10-20,01-10-11
Aimil,Gaal,15-04-17,12-08-14
Cindelyn,Fontana,16-02-16,26-12-12
Barbara,Kirbee,11-06-18,31-03-10
Caryl,Felizio,14-03-15,30-06-09
Jasmina,Rossner,23-03-20,29-12-07
Bernie,Chesna,08-06-23,20-03-07
Caressa,Tyson,27-06-16,25-01-05
Roslyn,Whittaker,03-05-19,06-07-05
Lorenza,Pandolfi,01-03-22,28-12-08
Modestia,Toni,16-04-20,25-03-09
Maurene,Anis,24-07-18,17-05-14
Barbi,Magdalen,08-08-21,09-12-08
Willetta,Velick,13-12-22,23-02-13
Dorice,Revkah,19-06-23,14-11-09
Demetris,Nickola,18-12-19,16-10-11
Marika,Poll,05-09-17,21-02-13
Tatiania,Tengdin,11-02-15,10-11-06
Sadie,Hazlett,16-02-16,15-07-14
Melodie,Palocz,01-01-18,08-11-05
Robinia,Posner,10-11-16,17-11-13
Modestia,Marijo,14-07-22,04-05-08
Nelle,Whiffen,22-12-19,23-07-08
Marylou,Lesley,17-05-20,19-07-09
Karolina,Lytton,14-12-16,03-10-08
Madalyn,Joachim,21-10-22,16-02-08
Babita,Pond,12-09-23,23-04-10
Peri,Rogerio,10-01-20,28-11-08
Carolina,O'Carroll,16-02-16,04-06-09
Codie,Charmine,19-02-15,07-04-14
Nelle,Lareena,27-12-17,25-01-10
Libbie,Philipp,07-04-19,26-12-08
Selia,Hermes,28-09-23,21-05-09
Moyna,Arvo,06-04-23,04-04-10
Jaime,Noman,27-07-16,16-05-08
Ivett,Nikaniki,30-07-21,02-05-08
Janey,Aaberg,22-04-16,11-01-12
Konstance,Tice,29-11-20,20-07-11
Jeanna,Lane,18-01-21,11-10-08
Daphne,Holbrook,10-10-15,22-01-05
Dolli,Stacy,15-01-22,16-07-06
Annecorinne,Kussell,09-01-16,05-12-09
Micheline,Bluh,29-09-22,16-03-08
Kittie,Glenden,13-02-15,06-01-13
Britni,Odell,14-01-23,13-04-07
Dulce,Gordon,07-12-16,12-10-09
Stacey,Warthman,12-09-23,20-10-09
Cassandra,Bennie,29-12-22,22-02-06
Tera,Jalbert,30-09-18,10-12-10
Inga,Raseda,21-01-16,12-09-10
Codie,Love,28-11-21,15-04-08
Rani,Halla,15-06-17,16-04-08
Dianemarie,Wadell,27-08-18,14-05-07
Althea,Hartnett,03-01-18,13-08-14
Linet,Berriman,03-04-19,09-11-11
Barbara,Aida,18-03-23,01-08-08
Willetta,Sparhawk,20-09-22,25-09-07
Petronia,Anis,26-09-23,31-12-09
Edith,Ball,26-04-18,10-01-05
Odessa,Sherrie,19-04-23,27-01-07
Lauryn,Bohlin,31-05-15,07-11-12
Darci,Celestine,27-07-22,19-08-05
Violet,Hoban,28-06-21,31-01-08
Dede,Rooney,23-11-19,26-05-08
Carlie,Pascia,05-11-19,20-01-09
Gertrud,Shirberg,17-05-15,18-09-14
Kerrin,Bakerman,05-04-16,14-11-12
Orsola,Medrek,10-04-15,24-10-07
Aurelie,Klotz,18-06-15,27-01-12
Helena,Mike,24-02-18,10-11-05
Jeanna,Lynn,30-05-17,17-09-05
Zsa Zsa,Lunsford,05-10-23,10-01-05
Sadie,Drus,23-07-18,17-06-08
Melisent,Bryna,05-09-17,31-08-08
Zia,Wiener,20-06-20,22-06-13
Vita,Winnick,02-01-17,11-12-11
Viviene,Koehler,20-06-15,13-07-11
Heida,Barrus,02-08-19,28-02-07
Jany,Japeth,13-06-21,23-10-09
Kara-Lynn,Rosalba,21-09-17,27-02-11
Corly,Zaslow,13-10-19,19-05-09
Shaylyn,Anderea,22-10-23,19-01-12
Lacie,Fleeta,27-12-21,24-07-11
Edyth,Paton,02-08-18,25-06-12
Tamqrah,Ax,22-12-19,30-10-08
Jenda,Yorick,03-02-20,16-12-07
Yvonne,Haldas,24-10-19,13-12-13
Annabela,Zina,30-09-15,12-06-06
Gusella,Orelee,29-08-19,26-06-08
Marylou,Sheedy,12-07-18,12-07-05
Daphne,Paine,23-01-17,21-11-07
Alex,Croix,07-12-23,25-09-07
Bobbi,Mintz,05-03-22,20-11-07
Yetty,Deegan,24-02-23,14-10-06
Maisey,Cimbura,23-07-21,03-09-10
Olwen,Chobot,08-06-21,31-12-11
Anestassia,Alabaster,24-01-19,14-12-07
Kylynn,Martguerita,24-11-17,03-04-14
Etta,Solitta,19-05-18,15-01-14
Celisse,Jarib,11-10-18,04-05-10
Dale,Vharat,03-08-21,22-09-09
Joeann,Vary,22-11-21,12-07-11
Mureil,Adrienne,19-10-16,02-10-07
Vevay,Raama,08-05-17,20-12-11
Bobinette,Ax,05-12-15,21-04-05
Latisha,Jerald,04-05-15,11-05-05
Sarette,Elo,19-02-15,04-07-07
Karina,Yoko,10-06-15,23-12-13
Raf,Papageno,16-01-16,13-04-06
Ermengarde,Ackerley,27-04-17,01-12-10
Fred,Arley,11-05-17,21-09-05
Dulce,Kalinda,26-11-23,31-05-12
Barbara,Land,05-05-23,16-05-11
Renie,Avi,28-04-16,26-01-12
Elfreda,Joachim,22-12-19,08-12-12
Petronia,Maples,25-10-22,02-03-06
Melodie,Grobe,15-05-17,03-08-14
Blinni,Cottle,12-10-17,18-11-13
Misha,Wildermuth,28-05-18,22-10-11
Catharine,Bouchard,22-02-20,17-08-11
Ebonee,Moseley,15-11-23,30-04-12
Aaren,Saunderson,20-05-22,24-04-11
Kerrin,Killigrew,13-09-15,16-06-07
Aaren,Prober,15-05-20,11-08-13
Lacie,Colbert,20-06-21,06-04-08
Veda,Shaddock,04-08-15,27-01-12
Bettine,Monk,03-06-16,06-11-12
Mady,Rocray,09-07-16,14-01-11
Roseline,Jenness,08-02-23,28-05-13
Anica,Yoko,24-10-22,07-01-10
Jeanna,Bury,05-06-21,14-10-05
Priscilla,Ax,11-10-20,18-06-07
Deane,Cookie,14-01-21,02-05-14
Kary,Merna,30-11-23,26-11-11
Allyce,Cyrie,25-07-19,02-10-09
Nessie,Ahab,13-02-18,13-09-13
Betta,MacIntosh,08-10-23,21-12-06
Netty,Sasnett,17-08-23,16-10-10
Xylina,Ummersen,13-03-22,09-04-10
Rosanne,Friede,26-03-15,20-05-11
Lelah,Dalli,16-02-20,26-04-05
Annora,Knowling,10-09-17,17-02-09
Peri,Rossner,25-03-22,30-05-07
Carmencita,Sigfrid,12-06-20,26-05-08
Celestyna,Clywd,23-12-22,20-01-07
Estell,Janith,10-12-23,23-08-10
Cam,Loeb,15-04-15,22-02-09
Lulita,Fillbert,19-10-18,29-04-05
Marline,Modie,27-10-18,02-10-10
Annabela,Cleo,19-12-22,24-05-11
Mildrid,Medrek,21-03-18,23-06-08
Ninnetta,Karna,02-06-23,01-02-06
Mallory,Masao,19-10-23,30-10-10
Kylynn,Greenwald,23-12-21,10-05-07
Arlena,Jacobah,06-09-16,12-02-11
Vere,Nester,08-06-19,01-02-13
Cissiee,Winnick,05-10-17,31-01-09
Ursulina,Karna,09-10-22,30-11-12
Lenna,Belldas,13-04-22,18-07-10
Edee,Dorcy,13-07-22,23-04-10
Candy,Pelagias,08-02-21,01-11-12
Lonnie,Melleta,09-04-19,16-09-13
Mamie,Izaak,09-01-21,23-05-09
Caressa,Frendel,13-02-16,01-12-14
Sadie,Azeria,26-12-18,29-09-12
Christal,Jacobah,19-08-16,25-10-11
Mallory,Wadell,31-01-21,25-02-14
Neila,Karylin,03-12-17,28-06-13
Cherrita,Stuart,12-05-23,08-07-13
Caressa,Danby,07-12-21,19-01-11
Abbie,Odysseus,28-06-20,27-11-13
Gratia,Harned,14-09-21,07-07-05
Danika,Bouchard,08-05-22,27-01-09
Elora,Heisel,02-06-18,15-12-10
Lucille,Bultman,02-01-21,21-05-05
Quintina,Lunsford,13-02-17,28-03-07
Perry,Edmund,10-07-21,17-05-09
Sheelagh,Toffic,24-03-17,05-01-09
Mamie,Sancho,27-01-15,20-04-06
Melisent,Malvino,16-03-21,30-11-14
Jaclyn,Garbe,12-08-16,04-10-08
Aeriela,Dorine,06-07-15,24-08-12
Nessie,Medrek,08-10-20,29-10-13
Nickie,Leifeste,27-05-17,24-05-11
Philis,Silvan,20-02-18,06-06-13
Shell,Uund,25-05-18,29-06-06
Mureil,Codding,07-01-20,04-05-11
Stacey,Skell,28-07-21,05-10-13
Elmira,Clie,30-01-19,06-03-05
Minda,Jagir,03-08-16,28-12-06
Lily,My,06-11-16,10-01-10
Lacie,Tacye,01-12-19,27-02-12
Constance,Dalli,14-09-21,06-05-10
Allis,Yusuk,27-03-19,08-08-10
Konstance,Sholley,27-04-21,12-08-07
Pearline,Gino,13-03-21,06-10-08
Jean,Ingra,01-12-19,31-05-10
Sheelagh,Cleo,12-03-16,02-10-05
Marnia,Talia,20-06-18,20-07-08
Latisha,Sigfrid,22-03-19,19-08-06
Barbi,Bendick,13-12-15,16-05-13
Nananne,Joni,08-07-20,20-08-05
Marcy,Fiann,20-01-23,21-04-09
Sheelagh,Kinnard,11-04-23,27-09-13
Lacie,Ludewig,07-08-19,01-09-09
Ayn,Georgy,07-01-22,15-01-05
Nataline,Lynn,16-12-22,13-05-05
Veda,Georas,12-07-17,30-03-05
Sabina,Margret,28-09-15,15-02-05
Cassandra,Gale,04-01-19,27-12-10
Rosaline,Phi,10-10-21,29-05-06
Lelah,Thar,02-05-21,03-12-11
Marguerite,Zamora,07-04-21,26-09-11
Ellette,Bethany,17-05-22,29-11-13
Amara,Ashok,28-03-16,01-10-07
Riannon,Rudolph,06-07-17,18-05-13
Albertina,Haerr,03-01-23,26-09-08
Jacenta,Ackerley,11-11-22,07-03-05
Jordan,Joni,14-09-22,17-06-12
Tera,Bluh,24-10-19,26-06-10
Korrie,Carolin,23-06-23,12-12-11
Lynea,Kelula,12-10-17,26-07-13
Dominga,Waite,10-03-20,08-09-07
Phylis,Kelula,29-12-16,23-09-05
Marylou,Craggie,27-03-15,02-09-08
Pamella,Middleton,21-03-20,21-08-08
Gianina,Danby,28-03-23,01-02-09
Latisha,Matthew,28-09-17,29-08-07
Sean,Arne,01-10-18,23-01-14
Anestassia,Halsey,30-07-17,30-12-08
Ardeen,Durante,24-02-16,16-10-06
Stacey,Lane,17-01-16,23-07-13
Evita,Codding,13-08-21,20-10-07
Rhea,Wyn,04-04-23,24-07-12
Lucille,Ilka,04-09-18,05-10-09
Alisha,Elephus,11-11-23,30-09-09
Amelia,Wiener,16-02-21,08-02-14
Yvonne,Esmaria,25-04-21,27-06-07
Lonnie,Vorster,29-01-20,20-10-13
Brooks,Telfer,02-03-22,14-12-07
Madalyn,Madelene,08-05-18,25-12-11
Jenda,Darian,17-06-23,15-05-07
Alameda,Earlie,07-08-23,08-11-05
Orsola,Abernon,03-12-21,28-05-10
Jaclyn,Tomasina,17-06-23,23-06-11
Minda,Ferino,23-10-18,05-01-12
Jinny,Afton,05-02-16,27-11-08
Arlina,Munn,12-01-17,19-11-10
Leona,Cookie,29-12-15,01-08-11
Zondra,Madelene,16-02-16,05-04-12
Fredericka,Longfellow,21-09-19,12-07-07
Gerianna,Flita,28-02-15,19-08-10
Fina,Winthorpe,26-06-16,02-07-11
Flo,Delp,06-09-16,16-08-11
Sabina,Oriana,15-10-20,17-06-14
Wynne,Weinreb,06-07-22,06-07-10
Nikki,McCutcheon,03-02-16,09-03-10
Yvonne,Kirbee,15-06-19,29-10-10
Fredericka,Maryanne,08-01-16,30-09-13
Perry,Kenney,03-07-16,31-07-13
Daphne,Brady,02-09-23,06-01-07
Mariele,Michella,08-08-15,05-09-10
Arlena,Gemini,25-08-17,27-09-05
Joleen,Giff,30-06-20,30-11-07
Teriann,Halla,15-10-15,13-04-08
Emmey,Primalia,01-08-15,10-02-06
Roberta,Noelyn,30-08-16,22-04-06
Michaelina,Silvan,26-01-19,19-09-05
Patricia,Graig,18-06-17,20-02-13
Deirdre,Sophronia,18-11-20,30-08-07
June,Fabiola,14-03-17,07-02-06
Priscilla,Santoro,08-08-18,18-09-08
Robinia,Carri,19-03-16,03-04-14
Shannah,Fosque,18-09-21,25-12-06
Jackie,Zuzana,21-09-20,25-08-07
Lorne,Janene,02-09-22,25-12-10
Philis,Couture,20-06-17,18-02-12
Elfreda,Vittoria,12-11-18,18-04-06
Lorne,Presber,13-06-20,27-04-14
Lexine,Keily,28-04-18,29-05-11
Dulcinea,Clarissa,02-07-16,10-05-07
Jolyn,Merell,29-02-20,22-01-14
Goldie,Durante,29-01-19,16-11-12
Paule,Iaverne,11-05-20,25-11-08
Frank,Quent,10-04-19,21-01-13
Carmencita,Edee,12-08-19,24-10-11
Ilse,Vins,14-01-19,14-06-13
Hope,Hillel,04-01-21,13-09-07
Michaelina,Kaja,09-09-15,19-07-07
Ana,Joseph,17-04-15,14-02-10
Jeanna,Lowry,11-10-17,28-04-11
Binny,Maryanne,07-05-22,27-01-08
Tani,Morrill,31-10-18,20-01-11
Briney,Truc,25-03-19,02-01-06
Amelia,Ilka,15-11-17,01-08-06
Albertina,Vharat,02-04-22,15-03-05
Winifred,Bollay,29-09-15,27-03-09
Lorenza,Kirstin,27-01-15,24-05-14
Lynde,Cleavland,18-04-19,14-09-12
Elka,Arquit,25-08-21,27-09-06
Ernesta,Dermott,21-01-18,02-03-13
Magdalena,Vharat,06-02-16,26-02-14
Natka,Goth,15-09-16,27-10-05
Clo,Ardra,15-01-16,12-10-11
Roseline,Barbey,06-08-19,06-04-08
Regina,Gavrila,27-03-20,22-02-09
Misha,Wu,28-02-23,30-08-14
Sue,Fry,17-07-18,11-02-06
Adore,Nickola,29-09-17,23-01-09
Sandie,Grimbly,01-09-16,28-06-07
Babita,Marijo,23-07-17,10-09-09
Sadie,Drisko,24-12-20,27-05-08
Pearline,Harned,25-07-20,21-12-06
Ida,Screens,24-04-17,14-12-09
Cathyleen,Eugenia,07-03-22,17-09-13
Annabela,Podvin,12-04-19,29-08-05
Jaime,Persse,07-06-20,23-04-11
Madalyn,Forrer,26-07-22,13-12-10
Charlena,Nunci,26-05-17,10-04-13
Cacilie,Goth,13-04-21,26-02-08
Mary,Haerr,09-02-21,12-07-08
Miquela,Radu,17-06-22,01-11-10
Winifred,Lacombe,30-08-21,24-03-09
Catharine,Papageno,30-03-19,05-06-09
Melodie,Lilas,20-09-16,18-04-14
Zaria,Docilla,27-09-19,26-01-09
Dianemarie,Bonucci,22-09-20,27-04-10
Tatiania,Cordi,28-09-19,01-03-07
Pierette,Brandice,25-05-15,12-03-09
Rochette,Xerxes,24-06-16,10-01-09
Gaylene,Fabiola,03-07-20,16-02-11
Fina,Toni,11-11-16,22-08-05
Joleen,Madaih,20-11-15,22-07-07
Mathilda,Miru,15-04-23,07-01-07
Gwyneth,Lindemann,03-08-22,27-06-10
Desirae,Kendrick,27-05-16,04-09-14
Amelia,Vacuva,14-08-16,17-02-08
Nannie,Mallon,31-10-20,11-11-11
Jordan,Couture,27-02-20,30-10-13
Taffy,Flita,18-12-16,22-04-05
Rubie,Liebermann,16-11-23,30-01-12
Kristina,Waldron,07-10-17,23-11-08
Tami,Kamaria,16-07-23,08-03-08
Winny,Anis,19-09-15,11-03-09
Emylee,Eugenia,16-04-17,03-05-05
Dyann,Federica,10-01-18,27-02-06
Odessa,Emanuel,20-11-19,09-02-11
Sashenka,Haerr,04-06-20,22-12-08
Marline,Ranjiv,05-08-22,27-06-07
Kristan,Dash,05-02-19,23-06-09
Halette,Joni,01-08-17,08-09-14
Carlie,Evangelia,26-03-18,31-12-08
Myriam,Liva,12-03-23,16-03-08
Christian,Cleavland,14-11-22,17-10-13
Hollie,Mallon,22-06-16,27-10-13
Nikki,Zitvaa,27-09-19,01-01-07
Deane,Damarra,28-04-17,20-05-07
Janeczka,Edvard,24-08-19,06-04-11
Gusella,Hirsch,16-04-15,29-06-09
Linzy,Wandie,26-04-19,29-12-09
Marleah,Stuart,24-12-15,05-09-13
Rosanne,Ezar,14-04-16,01-02-09
Ricky,Ephrem,04-07-16,14-11-09
Leanna,Hull,16-12-15,05-11-05
Kial,Kirbee,30-10-23,23-06-07
Edee,Randene,09-10-22,14-08-13
Kathy,Alejoa,11-02-16,17-02-08
Carlie,Graig,26-10-15,27-07-10
Krystle,Schwejda,06-08-22,01-03-05
Katleen,Nickola,02-05-23,05-10-05
Pamella,Liva,18-12-21,04-04-13
Blake,Dimitris,05-05-22,11-08-10
Aurore,Verger,04-08-20,10-02-06
Mady,Maxi,18-09-16,14-10-12
Kalina,Rozanna,19-01-19,15-07-11
Shauna,Richers,13-01-19,10-09-11
Shel,Hamil,15-08-21,19-01-11
Helena,Auberbach,13-07-17,13-02-10
Emilia,Septima,02-01-22,23-12-10
Gabriellia,Woodberry,21-02-22,31-01-10
Ketti,Cressida,04-11-18,08-02-05
Karena,Melan,02-03-22,13-06-11
Raquela,Raul,06-07-18,14-04-14
Mady,Gaspard,26-11-23,22-09-07
Jinny,Kazimir,30-05-19,24-11-11
Marjie,Holbrook,22-03-19,24-08-13
Sean,Bobbee,13-11-17,31-01-13
Arlena,Morehouse,11-12-19,13-02-07
Marsiella,Hieronymus,01-05-17,13-10-09
Lusa,Shuler,11-09-19,30-01-12
Marika,Pacorro,23-02-17,23-04-14
Sherrie,Marijo,01-03-20,09-04-12
Lily,Gualtiero,19-04-20,24-04-07
Gavrielle,Sacken,14-03-16,26-12-06
Myrtice,Pernick,03-10-23,02-02-05
Arlina,Himelman,21-03-20,09-05-10
Sophia,Anyah,28-11-18,07-03-07
Debee,Stefa,06-11-21,28-03-12
Mureil,Gibbeon,10-06-19,25-09-09
Zsa Zsa,Rozanna,28-04-21,20-04-07
Brooks,Ephrem,18-01-18,03-05-07
Belinda,Flita,07-07-22,17-04-10
Joleen,Thad,27-12-19,19-02-08
Joy,Ricarda,17-07-22,03-02-09
Devina,Bartlett,17-04-17,21-08-09
Yolane,Johnsson,16-04-17,17-05-06
Clarice,Rosette,08-08-18,19-04-08
Leeanne,Melleta,07-09-23,04-09-08
Rhoda,Sigfrid,07-08-21,25-09-09
Agathe,Bevin,12-05-23,27-11-12
Mariann,Thad,17-02-23,30-09-11
Gui,Koziara,16-08-15,04-06-09
Henriette,Wittie,13-01-20,24-12-10
Stevana,Darrell,05-08-20,20-12-06
Lynnea,Melony,26-12-17,31-08-08
Carilyn,Malina,10-03-17,05-06-06
Merle,Sibyls,12-02-16,13-12-14
Louella,Cath,25-08-19,07-12-12
Shandie,Carri,12-03-19,10-04-08
Marjie,Faria,06-11-17,05-09-12
Stacey,Suk,13-10-22,13-07-06
Inga,Catie,15-01-19,06-10-07
Margette,Darbie,11-02-18,02-05-06
Lulita,Sadowski,05-12-22,22-04-06
Farrah,Ralfston,15-07-16,11-08-07
Concettina,Douglass,11-03-22,24-06-11
Dorene,Seagraves,23-04-16,18-09-10
Adore,Rosemary,11-05-16,28-10-13
Cissiee,Hollingsworth,07-06-19,29-11-08
Rani,Isacco,03-11-21,05-10-08
Elena,Romelda,23-09-23,27-09-11
Meriel,Laurianne,14-08-17,28-12-14
Tierney,Georas,03-04-17,10-11-07
Nicoli,Schenck,30-08-20,20-12-08
Arlina,Danby,08-12-16,08-03-07
Marleah,Faro,25-12-22,18-07-11
Alyda,Shuler,14-03-15,24-11-06
Carilyn,Carbo,19-06-21,31-10-10
Juliane,Waite,18-06-17,31-12-05
Viki,Ciro,25-01-21,17-02-05
Dione,Ortrude,22-10-19,23-03-06
Brietta,Shaver,30-08-21,09-08-11
Frieda,Concha,05-08-23,18-08-13
Lynnea,Posner,18-06-20,03-06-13
Phedra,Kiyoshi,06-04-16,30-05-06
Nita,Sparhawk,24-10-21,06-01-14
Loree,Kosey,20-04-23,10-01-08
Karolina,Mallon,24-01-23,04-11-06
Rozele,Lytton,09-08-23,21-03-11
Georgetta,Jagir,02-11-21,01-06-07
Esmeralda,Aloise,14-07-23,28-01-05
Devina,Artie,17-01-18,28-01-14
Nananne,Jehu,29-04-17,05-12-05
Nadine,Papageno,28-06-16,03-10-11
Gabi,Kiyoshi,16-12-21,15-06-11
Kathi,Goerke,15-09-20,18-09-09
Frances,Cecile,10-10-16,12-10-14
Raf,Madelene,07-11-19,21-04-06
Caressa,Rossner,24-01-21,27-11-14
Dede,Natalia,07-12-22,28-10-12
Atlanta,Gilmour,31-03-19,14-12-12
Danny,Magdalen,28-07-17,14-06-11
Sidoney,An,15-03-18,21-09-13
Norine,Alwin,05-01-20,22-03-07
Gale,Revkah,30-07-16,09-10-11
Phylis,Bahr,09-04-21,11-02-11
Johna,Pernick,18-05-15,07-05-10
Delilah,Linskey,04-11-21,15-01-07
Augustine,Holtz,24-02-21,10-06-06
Paola,Jacobah,25-05-16,17-06-07
Jaime,Gert,09-01-23,15-05-11
Orsola,Publia,16-05-18,20-10-10
Dawn,Anis,05-03-20,07-11-13
Arabel,Markman,23-06-15,22-11-10
Karina,Chesna,03-10-18,30-08-10
Malina,Fink,05-09-23,10-04-09
Kellen,Etom,02-09-15,11-11-06
Amalie,Billye,07-12-20,05-03-05
Ottilie,Pozzy,11-05-20,19-10-11
Caryl,Kelula,12-01-20,17-01-11
Ada,Tippets,02-04-21,21-10-05
Dale,Cutlerr,04-08-16,20-11-06
Dulce,Alfons,06-06-19,21-07-10
Belva,Podvin,03-02-23,01-02-05
Tilly,Shaver,20-11-17,08-10-08
Sonni,Sundin,11-03-22,02-05-06
Evaleen,Nance,03-06-23,29-03-14
Jessamyn,Holbrook,12-09-21,11-09-06
Kate,Rossner,06-09-21,29-04-09
Arabel,Katrine,09-04-15,31-12-09
Flo,Belldas,27-12-16,11-09-14
Krystle,Sammons,03-02-20,09-05-07
Marcy,Janene,14-10-17,17-08-05
Josephine,Regan,26-11-16,08-01-09
Gabriellia,Sheng,01-05-19,29-04-10
Maryellen,Fiester,07-12-22,06-10-05
Gwyneth,Cristi,11-02-17,06-10-11
Sadie,Ahab,03-02-23,02-07-12
Antonietta,Terrence,10-12-20,25-11-13
Noelle,Cressida,28-11-20,02-08-14
Marcelline,Orpah,10-12-22,08-05-10
Ira,Vivle,17-03-15,08-01-07
Kathy,Atonsah,13-06-23,15-08-08
Rori,Bakerman,24-05-15,21-07-06
Gabriellia,Olnee,26-11-21,06-01-05
Nonnah,Maples,31-03-21,03-07-07
Deedee,Karna,21-11-18,03-07-06
Lexine,Avi,20-04-22,10-09-07
Tatiania,Dannye,23-09-23,05-02-08
Gusty,Forrer,10-01-18,22-07-11
Xylina,Ader,23-11-21,16-03-13
Katleen,Wildermuth,29-04-22,24-09-06
Elka,Magdalen,01-02-19,03-09-05
Corene,Kolnick,12-08-22,20-07-13
Kelly,Joseph,22-10-18,08-09-08
Annaliese,Haymes,07-05-21,09-09-14
Bertine,Yoko,21-10-23,16-07-06
Wanda,Allare,24-06-21,04-07-08
Claudina,Taima,22-05-22,21-02-12
Deloria,Ader,22-11-20,03-06-11
Raina,Berne,29-04-17,12-12-11
Danny,Macey,23-12-22,21-01-05
Benita,Xerxes,11-05-22,13-12-07
Janis,Darbie,12-01-16,28-06-07
Margarette,Teddman,07-07-16,31-07-10
Willetta,Brian,24-06-19,22-11-09
Cathie,Daegal,06-02-20,24-04-05
Nita,Rodmann,11-07-22,30-01-13
Jenilee,Brodench,30-03-22,03-06-11
Dania,Dearborn,27-12-22,22-09-12
Tarra,Dex,01-10-22,01-03-14
Chastity,Lemuela,07-01-15,05-11-05
Sissy,Vharat,11-11-17,20-12-05
Zaria,Shelba,24-07-22,02-11-09
Leeanne,Breed,21-06-23,03-11-05
Joleen,Carmena,29-07-18,22-09-08
Hope,Dudley,14-04-20,13-11-13
Bill,Lalitta,03-02-22,31-08-05
Peri,Dituri,17-01-20,16-01-06
Marline,Peonir,07-06-22,21-06-07
Lorie,Faria,06-07-16,14-11-11
Jackie,Rese,28-08-23,25-11-06
Alia,Nea,30-01-16,18-11-10
Aimil,Ochs,25-05-23,27-05-08
Genevra,Sacken,13-01-21,30-09-14
Lila,Lail,03-02-17,25-04-07
Amii,Afton,13-12-19,14-04-07
Gusty,Hillel,18-09-16,05-08-09
Sallie,Blase,08-04-17,29-01-14
Shaylyn,Devlen,15-07-16,12-08-09
Pollyanna,Travax,06-12-21,09-04-14
Briney,Bluh,05-04-16,30-03-13
Cindelyn,Madaih,15-07-15,11-01-14
Gabriellia,Swanhildas,05-04-19,24-01-13
Jobi,Berl,30-06-19,26-12-13
Mellicent,Rudolph,18-06-20,09-05-06
Tatiania,Erskine,23-11-15,07-03-07
Millie,Sammons,29-06-18,21-02-09
Nikki,Gamaliel,31-08-16,30-11-12
Vinita,Reneta,31-10-22,29-07-10
Hayley,Stacy,29-03-16,15-12-08
Courtnay,Moina,13-12-15,15-01-11
Vinita,Lane,29-02-16,05-01-12
Natka,Madaih,26-11-18,26-05-10
Kristina,Lynn,05-06-20,15-02-09
Kimberley,Stuart,13-09-15,02-11-08
Rosaline,Hachmin,29-06-17,29-07-10
Marcelline,Stefa,12-10-23,06-10-09
Xylina,Belanger,06-08-17,30-11-14
Amelia,Remmer,04-12-21,16-08-07
Eugine,Joeann,02-06-18,17-04-13
Dari,Isacco,21-05-17,06-05-07
Susette,Carbo,12-05-16,14-04-06
Jean,Eugenia,12-02-19,02-10-13
Lucille,Belldas,30-05-15,26-02-13
Eugine,Brenn,23-07-23,08-02-07
Demetris,Sacken,21-03-20,25-10-14
Juliane,Kylander,03-01-18,22-07-12
Selma,Schalles,11-03-17,27-06-12
Elbertina,Capello,09-09-17,05-01-08
Aeriela,Nunci,28-08-21,11-12-08
Shell,Macey,30-04-20,12-04-05
Odessa,Kolnick,09-09-21,22-07-12
Betta,Dash,17-02-19,19-05-13
Claresta,Durware,23-08-17,15-11-06
Misha,Corilla,02-03-16,14-02-13
Cherilyn,Destinee,09-07-18,03-04-12
Lynde,Ferrell,09-02-15,12-11-13
Wilma,Gherardo,08-04-16,27-11-10
Desirae,Alexandr,21-02-23,04-09-07
June,Emmaline,16-03-23,27-01-05
Joelly,Faust,12-02-15,21-06-10
Kassey,Vins,31-07-21,19-09-11
Carly,Gherardo,18-10-18,11-07-10
Olwen,Pip,17-04-20,14-12-13
Nollie,Urania,16-04-21,30-01-12
Melina,Jess,10-12-15,04-06-10
Zsa Zsa,Franza,14-11-21,24-02-10
Albertina,Aldric,21-12-16,10-01-13
Vanessa,Natalia,22-09-16,11-12-09
Karlee,Urias,18-09-23,02-04-12
Nadine,Auberbach,09-10-18,07-04-13
Jeanna,Hunfredo,31-07-22,06-02-11
Mariele,Milde,11-04-23,10-04-09
Layla,Kunin,18-10-23,10-03-14
Roseline,Anyah,25-11-15,06-11-08
Winny,Riordan,18-08-17,15-04-06
Kathy,Fink,13-07-21,09-05-13
Lorne,Bobbee,27-08-15,20-12-13
Daryl,Barrus,18-11-21,19-05-06
Hayley,Tristram,12-01-23,23-03-10
Joane,Jagir,28-02-17,21-04-07
Verla,Means,27-04-20,05-04-12
Jemie,Loleta,28-05-15,08-08-07
Nita,Isacco,20-05-22,25-04-07
Rhea,Rurik,15-04-21,20-05-08
Tomasina,Gemini,17-10-16,05-11-12
Jacenta,Croix,16-08-23,02-12-11
Dulce,Garbe,10-03-15,09-03-09
Olwen,Knowling,29-12-18,27-07-05
Brooks,Dituri,22-08-18,09-10-05
Malina,Tayib,05-03-22,29-01-13
Sallie,Corabella,10-06-19,04-09-07
Paule,Karylin,25-09-23,28-12-14
Agnese,Hartnett,15-06-21,06-02-09
Iseabal,Chick,10-03-17,22-02-08
Philis,Shaver,24-05-23,23-01-10
Mady,Fredi,12-11-17,12-05-13
Sibella,Orpah,22-08-22,23-09-10
Zondra,Maisey,07-07-17,27-07-08
Romona,Pond,19-02-23,23-12-11
Agathe,Ariella,08-05-20,14-09-05
Tierney,Voletta,24-06-17,03-02-13
Concettina,Prouty,25-08-17,02-08-13
Kassey,Granoff,12-03-17,08-10-06
Teddie,Wolfgram,23-03-23,05-07-11
Constance,Gerge,10-03-15,04-11-10
Konstance,Chauncey,27-02-21,06-02-07
Amelia,Teryn,04-04-16,01-05-10
Alameda,Pierette,26-09-17,18-04-06
Marleah,Odysseus,31-10-15,05-07-11
Henriette,Mathilde,10-07-23,28-08-11
Merrie,Paton,26-11-23,13-04-05
Tina,Maisey,02-04-22,01-04-12
Sonni,Prober,28-10-15,05-06-09
Justinn,Urias,15-07-22,25-07-12
Maridel,Maurine,08-04-19,29-07-13
Tomasina,Dimitris,20-10-23,08-07-10
Millie,Harned,13-03-21,24-10-05
Jenda,Weitman,05-05-21,07-09-05
Charlena,Marden,26-04-23,03-05-08
Sallie,Thilda,07-11-20,16-11-06
Mathilda,Curren,05-01-20,27-12-08
Jere,Garbe,02-02-19,18-02-08
Ardenia,Georgy,29-11-19,05-03-14
Hallie,Suanne,18-02-19,28-11-07
Agnese,Wilkinson,05-08-22,02-09-11
Genovera,Cadmar,08-12-18,28-10-07
Jaime,Fry,14-05-23,23-02-12
Kellen,Rese,26-01-19,10-02-12
Beverley,Ochs,14-05-19,16-08-11
Ilse,Greenwald,10-01-19,25-04-11
Diena,Cimbura,04-07-16,26-08-13
Elyssa,Alfons,16-11-16,12-08-06
Devina,Stav,29-04-18,29-04-08
Inga,Destinee,25-02-16,26-11-06
Zia,Wilkinson,08-12-16,17-07-11
Hannis,Taam,16-10-18,26-12-07
Reeba,Tayib,04-03-22,24-12-11
Nanete,Lissi,20-03-20,20-08-09
Ebonee,Rese,03-09-17,10-03-05
Lorie,Alisia,01-01-23,01-08-14
Anestassia,Stevy,24-02-18,22-06-08
Kary,Jaylene,28-02-20,15-01-13
Michaelina,Roxanna,28-07-20,04-08-10
Rosabelle,Karylin,22-02-17,05-01-14
Mahalia,Birdella,29-06-22,10-02-07
Yvonne,Merell,17-10-17,11-06-13
Lauryn,Arne,10-12-18,28-07-13
Melodie,Hillel,02-08-20,22-05-09
Wilma,Donoghue,30-11-18,14-07-07
Ericka,Fredi,06-04-18,24-12-08
Petronia,Niccolo,26-02-23,10-07-11
Brana,Albertine,13-08-19,01-06-10
Gilligan,Warthman,30-06-17,05-07-07
Rani,Vary,26-03-18,05-12-14
Joane,Zeeba,22-08-23,16-12-08
Beth,Egbert,26-03-22,01-05-12
Pearline,Ledah,08-12-19,02-11-05
Rubie,Kathie,04-02-17,19-01-14
Nadine,Sibyls,08-10-18,19-07-06
Marti,Demitria,03-02-23,17-10-13
Suzette,Berriman,28-08-16,06-01-14
Johna,Maurine,11-05-17,14-09-10
Tilly,Jary,04-09-16,25-06-12
Feliza,Nelsen,20-02-15,13-11-05
Millie,Garbe,12-07-17,03-02-10
Kore,Lubin,01-01-22,21-04-05
Katleen,Goldina,08-05-18,23-10-11
Consuela,Crudden,01-06-23,23-11-06
Annora,Calhoun,23-06-20,15-02-06
Anica,Fancie,26-02-15,05-12-09
Darci,Hurley,02-09-23,12-07-13
Brena,Mozelle,06-03-17,11-01-06
Peri,Bivins,16-12-15,01-11-07
Cam,Billye,19-05-18,29-10-11
Selia,Thomasina,30-12-18,07-10-08
Dede,Darian,31-01-21,11-09-09
Cecile,Cosenza,31-05-21,26-03-13
Reeba,Bivins,30-10-19,24-11-14
Concettina,Stilwell,28-03-16,03-01-09
Ayn,Candy,03-05-23,11-06-08
Juliane,Pelagias,26-01-16,14-10-13
Tani,Scammon,05-12-15,08-09-08
June,Jobi,23-01-17,17-11-08
Yetty,Sherfield,25-04-19,11-08-13
Binny,Lalitta,09-03-22,26-02-05
Cacilie,Astra,09-06-19,15-10-10
Kirbee,Zaslow,07-02-17,09-05-06
Zsa Zsa,Secrest,02-08-15,17-05-11
Jere,Jammal,02-04-18,27-06-05
Giustina,Naashom,28-06-23,05-12-11
Mariann,Codding,27-10-18,09-10-08
Sheree,Dulciana,13-07-23,04-05-07
Carly,Grayce,15-11-23,30-04-13
Mignon,Yoko,04-08-19,03-06-11
Barbara,Podvin,22-12-23,22-02-12
Kaia,Bluh,23-04-19,01-11-05
Elvira,Remmer,30-11-18,23-04-08
Daphne,Romelda,15-07-22,07-09-11
Rosanne,Cleo,09-06-22,28-06-06
Peri,Gavrila,10-03-21,09-02-10
Renae,Dituri,05-05-15,22-06-09
Glynnis,Natica,15-06-21,09-08-07
Gui,Demitria,07-05-22,01-12-11
Merci,Dorothy,15-11-21,24-01-13
Rubie,Blake,04-02-20,19-12-07
Genovera,Donoghue,27-10-18,08-06-14
Karly,Si,23-08-19,20-11-08
Lolita,Suk,08-02-16,13-06-08
Tani,Wadell,18-07-17,18-12-14
Nariko,Stilwell,12-06-16,03-10-08
Corly,Stevy,25-09-20,30-04-11
Renae,Marsden,03-07-18,12-07-11
Elsie,Darian,29-08-18,04-02-06
Ashlee,Seumas,24-10-16,18-10-12
Modestia,Belldas,06-03-21,17-04-06
Carilyn,Elephus,18-04-23,07-02-07
Ebonee,Buckler,24-03-18,19-12-09
Ginnie,Colyer,20-12-19,28-11-10
Dyann,Strephon,02-08-16,11-10-06
Lulita,Tannie,08-06-17,02-05-09
Jinny,Aida,05-05-20,28-03-12
Dolli,Maples,21-05-23,04-07-14
Charmaine,Urania,11-03-16,17-07-11
Ayn,Herrera,13-02-20,05-11-11
Tatiania,Othilia,06-09-23,23-04-07
Delilah,Hathaway,28-11-20,05-10-11
Paule,Ovid,02-06-15,09-12-06
Nonnah,Ietta,07-05-16,08-12-08
Asia,Nicoline,24-10-16,16-10-14
Kamilah,Grayce,18-06-15,04-03-11
Selma,Ehrman,29-10-17,22-10-08
Orelia,Tacye,08-12-16,13-01-11
Rhea,Markman,26-07-17,20-05-10
Jere,Nicoline,03-10-16,29-09-11
Shaylyn,Mich,02-07-16,17-02-14
Leia,Mandler,01-02-21,25-10-13
Thalia,Melleta,18-06-21,04-07-07
Suzette,Saree,20-03-15,25-01-10
Adele,Lytton,20-11-19,07-07-11
Juliane,My,03-05-18,22-01-05
Taffy,Weide,09-11-23,06-07-08
Celestyna,Weide,08-10-20,16-11-13
Dorthy,Donell,11-11-16,05-12-07
Dorthy,Nunci,07-06-22,23-05-09
Flo,Bebe,17-01-21,30-05-12
Layla,Stilwell,18-11-17,29-12-10
Susette,Wildermuth,31-01-17,28-04-08
Donnie,Yate,24-07-21,07-07-06
Clo,Emmaline,11-06-20,06-09-06
Almeta,Chem,15-04-23,20-11-12
Arlina,Latini,31-03-20,25-09-14
Karolina,Drisko,05-04-22,01-08-12
Joeann,Stacy,11-11-17,22-11-05
Alleen,Madelene,01-08-18,24-05-11
Audrie,Pulsifer,14-02-17,27-12-06
Etta,Leifeste,18-09-23,24-04-12
Cathyleen,Shama,05-01-21,31-05-08
Carmencita,Edmund,12-03-18,12-12-12
Marguerite,Kaja,18-08-17,05-06-07
Lorie,Shuler,28-02-23,14-10-11